ID,Language_ID,Parameter_ID,Contribution_ID,Value,Source,Comment
119A-dab,http://wals.info/languoid/lect/wals_code_dab,119A,119,Different,Mouchet-1966,
119A-ndi,http://wals.info/languoid/lect/wals_code_ndi,119A,119,Different,Lekens-1923,
119A-otr,http://wals.info/languoid/lect/wals_code_otr,119A,119,Different,Tucker-and-Bryan-1966,
119A-brj,http://wals.info/languoid/lect/wals_code_brj,119A,119,Different,Hudson-1976c,
119A-ksm,http://wals.info/languoid/lect/wals_code_ksm,119A,119,Different,Cremer-1924,
119A-kko,http://wals.info/languoid/lect/wals_code_kko,119A,119,Different,Kastenholz-1987,
119A-ptp,http://wals.info/languoid/lect/wals_code_ptp,119A,119,Different,Peekel-1909,
119A-sey,http://wals.info/languoid/lect/wals_code_sey,119A,119,Different,Bollee-1977,
119A-wrp,http://wals.info/languoid/lect/wals_code_wrp,119A,119,Different,Held-1942,
119A-lnw,http://wals.info/languoid/lect/wals_code_lnw,119A,119,Different,Paton-1971,
119A-nbh,http://wals.info/languoid/lect/wals_code_nbh,119A,119,Different,Kauczor-1920,
119A-plr,http://wals.info/languoid/lect/wals_code_plr,119A,119,Different,DAlton-1983,
119A-prd,http://wals.info/languoid/lect/wals_code_prd,119A,119,Different,Burrow-and-Bhattacharya-1953,
119A-bik,http://wals.info/languoid/lect/wals_code_bik,119A,119,Different,Van-Hasselt-1905,
119A-grn,http://wals.info/languoid/lect/wals_code_grn,119A,119,Different,Rapp-1966,
119A-ojs,http://wals.info/languoid/lect/wals_code_ojs,119A,119,Different,Todd-1970,
119A-pap,http://wals.info/languoid/lect/wals_code_pap,119A,119,Different,,
119A-pop,http://wals.info/languoid/lect/wals_code_pop,119A,119,Different,Veerman-Leichsenring-1991,
119A-abz,http://wals.info/languoid/lect/wals_code_abz,119A,119,Different,Lomtatidze-and-Klychev-1989,
119A-frd,http://wals.info/languoid/lect/wals_code_frd,119A,119,Different,Drabbe-1926a,
119A-kic,http://wals.info/languoid/lect/wals_code_kic,119A,119,Different,Voorhis-1974,
119A-hcr,http://wals.info/languoid/lect/wals_code_hcr,119A,119,Different,Hall-1953,
119A-pna,http://wals.info/languoid/lect/wals_code_pna,119A,119,Different,Adriani-1931,
119A-qcu,http://wals.info/languoid/lect/wals_code_qcu,119A,119,Identical,von-Tschudi-1884,
119A-rti,http://wals.info/languoid/lect/wals_code_rti,119A,119,Different,Jonker-1915,
119A-sra,http://wals.info/languoid/lect/wals_code_sra,119A,119,Different,Arends-1989,
119A-yav,http://wals.info/languoid/lect/wals_code_yav,119A,119,Identical,Kendall-1976,
119A-ahu,http://wals.info/languoid/lect/wals_code_ahu,119A,119,Identical,Drabbe-1957,
119A-blc,http://wals.info/languoid/lect/wals_code_blc,119A,119,Identical,Gilbertson-1923,
119A-gdi,http://wals.info/languoid/lect/wals_code_gdi,119A,119,Different,Marchese-1986a,
119A-nbb,http://wals.info/languoid/lect/wals_code_nbb,119A,119,Different,Fox-1979,
119A-tup,http://wals.info/languoid/lect/wals_code_tup,119A,119,Different,Platzmann-1874,
119A-moj,http://wals.info/languoid/lect/wals_code_moj,119A,119,Identical,Munro-1976b,
119A-bui,http://wals.info/languoid/lect/wals_code_bui,119A,119,Different,Maan-1951,
119A-smt,http://wals.info/languoid/lect/wals_code_smt,119A,119,Identical,Rude-1988b,
119A-gll,http://wals.info/languoid/lect/wals_code_gll,119A,119,Different,van-Baarda-1908,
119A-tiv,http://wals.info/languoid/lect/wals_code_tiv,119A,119,Different,Abraham-1933,
119A-gol,http://wals.info/languoid/lect/wals_code_gol,119A,119,Different,Westermann-1921a,
119A-laz,http://wals.info/languoid/lect/wals_code_laz,119A,119,Identical,Holisky-1991b,
119A-rka,http://wals.info/languoid/lect/wals_code_rka,119A,119,Identical,Boretzky-1994,
119A-zaz,http://wals.info/languoid/lect/wals_code_zaz,119A,119,Identical,Todd-1985,
119A-wau,http://wals.info/languoid/lect/wals_code_wau,119A,119,Identical,Sanchez-et-al-1977,
119A-ras,http://wals.info/languoid/lect/wals_code_ras,119A,119,Different,Tucker-and-Bryan-1966,
119A-hei,http://wals.info/languoid/lect/wals_code_hei,119A,119,Different,Rath-1981,
119A-tpi,http://wals.info/languoid/lect/wals_code_tpi,119A,119,Different,Muhlhausler-1984,
119A-ady,http://wals.info/languoid/lect/wals_code_ady,119A,119,Different,Paris-1989,
119A-dua,http://wals.info/languoid/lect/wals_code_dua,119A,119,Identical,Ittmann-1939,
119A-kat,http://wals.info/languoid/lect/wals_code_kat,119A,119,Different,Pilhofer-1933,
119A-kur,http://wals.info/languoid/lect/wals_code_kur,119A,119,Different,Vesper-1968,
119A-vot,http://wals.info/languoid/lect/wals_code_vot,119A,119,Identical,Ariste-1968,
119A-cil,http://wals.info/languoid/lect/wals_code_cil,119A,119,Identical,Willems-1943,
119A-iwa,http://wals.info/languoid/lect/wals_code_iwa,119A,119,Different,Capell-1962b,
119A-cro,http://wals.info/languoid/lect/wals_code_cro,119A,119,Different,Lowie-1941,
119A-kta,http://wals.info/languoid/lect/wals_code_kta,119A,119,Different,Dutton-1975,
119A-pwn,http://wals.info/languoid/lect/wals_code_pwn,119A,119,Identical,Parks-1976,
119A-zar,http://wals.info/languoid/lect/wals_code_zar,119A,119,Different,Ardant-du-Picq-1933,
119A-ilo,http://wals.info/languoid/lect/wals_code_ilo,119A,119,Different,Lopez-1928,
119A-mbt,http://wals.info/languoid/lect/wals_code_mbt,119A,119,Identical,Vekens-1928,
119A-bgo,http://wals.info/languoid/lect/wals_code_bgo,119A,119,Different,Santandrea-1963,
119A-lis,http://wals.info/languoid/lect/wals_code_lis,119A,119,Different,Hope-1974,
119A-sor,http://wals.info/languoid/lect/wals_code_sor,119A,119,Different,Ramamurti-1931,
119A-ktl,http://wals.info/languoid/lect/wals_code_ktl,119A,119,Different,Tucker-and-Bryan-1966,
119A-cmr,http://wals.info/languoid/lect/wals_code_cmr,119A,119,Different,Lorrain-1951,
119A-kbl,http://wals.info/languoid/lect/wals_code_kbl,119A,119,Different,Hanoteau-1906,
119A-kls,http://wals.info/languoid/lect/wals_code_kls,119A,119,Different,Vogt-1940,
119A-mwb,http://wals.info/languoid/lect/wals_code_mwb,119A,119,Different,Elkins-1970,
119A-tug,http://wals.info/languoid/lect/wals_code_tug,119A,119,Different,Hanoteau-1896,
119A-abm,http://wals.info/languoid/lect/wals_code_abm,119A,119,Different,Lupardus-1982,
119A-gjj,http://wals.info/languoid/lect/wals_code_gjj,119A,119,Different,Bendor-Samuel-1972,
119A-hmr,http://wals.info/languoid/lect/wals_code_hmr,119A,119,Different,Lydall-1976,
119A-hui,http://wals.info/languoid/lect/wals_code_hui,119A,119,Different,Grimes-1964,
119A-mut,http://wals.info/languoid/lect/wals_code_mut,119A,119,Different,Okrand-1977,
119A-agm,http://wals.info/languoid/lect/wals_code_agm,119A,119,Different,Grierson-1904,
119A-for,http://wals.info/languoid/lect/wals_code_for,119A,119,Different,Scott-1978,
119A-lil,http://wals.info/languoid/lect/wals_code_lil,119A,119,Different,van-Eijk-1985,
119A-nai,http://wals.info/languoid/lect/wals_code_nai,119A,119,Identical,Menges-1968,
119A-tep,http://wals.info/languoid/lect/wals_code_tep,119A,119,Different,Watters-1988,
119A-tzo,http://wals.info/languoid/lect/wals_code_tzo,119A,119,Different,Sarles-1966,
119A-kpm,http://wals.info/languoid/lect/wals_code_kpm,119A,119,Different,Mirikitani-1972,
119A-tes,http://wals.info/languoid/lect/wals_code_tes,119A,119,Different,Tucker-and-Bryan-1966,
119A-wlo,http://wals.info/languoid/lect/wals_code_wlo,119A,119,Different,Anceaux-1952,
119A-acl,http://wals.info/languoid/lect/wals_code_acl,119A,119,Different,Crazzolara-1955,
119A-dmi,http://wals.info/languoid/lect/wals_code_dmi,119A,119,Different,van-Driem-1993,
119A-maw,http://wals.info/languoid/lect/wals_code_maw,119A,119,Different,Delafosse-1929,
119A-mou,http://wals.info/languoid/lect/wals_code_mou,119A,119,Different,Tucker-1967,
119A-nue,http://wals.info/languoid/lect/wals_code_nue,119A,119,Different,Crazzolara-1933,
119A-shl,http://wals.info/languoid/lect/wals_code_shl,119A,119,Different,Westermann-1912,
119A-sng,http://wals.info/languoid/lect/wals_code_sng,119A,119,Different,Kolia-1975,
119A-tus,http://wals.info/languoid/lect/wals_code_tus,119A,119,Different,Williams-1976,
119A-bln,http://wals.info/languoid/lect/wals_code_bln,119A,119,Identical,Palmer-1965,
119A-mng,http://wals.info/languoid/lect/wals_code_mng,119A,119,Different,Burger-1946,
119A-mka,http://wals.info/languoid/lect/wals_code_mka,119A,119,Different,Ebermann-1986a,
119A-mtu,http://wals.info/languoid/lect/wals_code_mtu,119A,119,Different,Lister-Turner-and-Clark-1930,
119A-ngk,http://wals.info/languoid/lect/wals_code_ngk,119A,119,Identical,Hoddinott-and-Kofod-1988,
119A-plh,http://wals.info/languoid/lect/wals_code_plh,119A,119,Different,Stresemann-1918,
119A-aro,http://wals.info/languoid/lect/wals_code_aro,119A,119,Different,Capell-1971,
119A-blx,http://wals.info/languoid/lect/wals_code_blx,119A,119,Different,Einaudi-1976,
119A-god,http://wals.info/languoid/lect/wals_code_god,119A,119,Identical,,
119A-kpe,http://wals.info/languoid/lect/wals_code_kpe,119A,119,Different,Welmers-1973,
119A-uby,http://wals.info/languoid/lect/wals_code_uby,119A,119,Different,,
119A-moo,http://wals.info/languoid/lect/wals_code_moo,119A,119,Different,Froger-1923,
119A-moe,http://wals.info/languoid/lect/wals_code_moe,119A,119,Identical,Wiedemann-1865,
119A-nup,http://wals.info/languoid/lect/wals_code_nup,119A,119,Different,Smith-1967a,
119A-tmr,http://wals.info/languoid/lect/wals_code_tmr,119A,119,Different,Carey-1961,
119A-tno,http://wals.info/languoid/lect/wals_code_tno,119A,119,Different,Sneddon-1975,
119A-tot,http://wals.info/languoid/lect/wals_code_tot,119A,119,Different,MacKay-1991,
119A-kku,http://wals.info/languoid/lect/wals_code_kku,119A,119,Identical,Drake-1903,
119A-yuw,http://wals.info/languoid/lect/wals_code_yuw,119A,119,Different,Williams-1980a,
119A-zai,http://wals.info/languoid/lect/wals_code_zai,119A,119,Different,Pickett-1960,
119A-baa,http://wals.info/languoid/lect/wals_code_baa,119A,119,Different,Olson-1975,
119A-ceb,http://wals.info/languoid/lect/wals_code_ceb,119A,119,Different,Wolff-1967,
119A-jab,http://wals.info/languoid/lect/wals_code_jab,119A,119,Different,Dempwolff-1939,
119A-lda,http://wals.info/languoid/lect/wals_code_lda,119A,119,Identical,Ashton-et-al-1954,
119A-nak,http://wals.info/languoid/lect/wals_code_nak,119A,119,Different,Johnston-1980,
119A-sro,http://wals.info/languoid/lect/wals_code_sro,119A,119,Identical,Wells-1979,
119A-ccm,http://wals.info/languoid/lect/wals_code_ccm,119A,119,Different,Anderson-1989,
119A-mnm,http://wals.info/languoid/lect/wals_code_mnm,119A,119,Different,Lichtenberk-1983,
119A-wol,http://wals.info/languoid/lect/wals_code_wol,119A,119,Different,Sohn-1975,
119A-mxp,http://wals.info/languoid/lect/wals_code_mxp,119A,119,Different,Daly-1973,
119A-acm,http://wals.info/languoid/lect/wals_code_acm,119A,119,Different,de-Angulo-and-Freeland-1931,
119A-bod,http://wals.info/languoid/lect/wals_code_bod,119A,119,Different,Bhattacharya-1977,
119A-diz,http://wals.info/languoid/lect/wals_code_diz,119A,119,Different,Allan-1976b,
119A-gud,http://wals.info/languoid/lect/wals_code_gud,119A,119,Different,Hoskison-1983,
119A-men,http://wals.info/languoid/lect/wals_code_men,119A,119,Different,Bloomfield-1962,
119A-mie,http://wals.info/languoid/lect/wals_code_mie,119A,119,Different,Court-1985,
119A-rem,http://wals.info/languoid/lect/wals_code_rem,119A,119,Different,Fernandez-1967,
119A-rot,http://wals.info/languoid/lect/wals_code_rot,119A,119,Different,Churchward-1940,
119A-tbu,http://wals.info/languoid/lect/wals_code_tbu,119A,119,Different,Lukas-1953,
119A-bla,http://wals.info/languoid/lect/wals_code_bla,119A,119,Different,Taylor-1969b,
119A-ccp,http://wals.info/languoid/lect/wals_code_ccp,119A,119,Identical,Crawford-1966,
119A-kzy,http://wals.info/languoid/lect/wals_code_kzy,119A,119,Identical,Collinder-1957,
119A-lao,http://wals.info/languoid/lect/wals_code_lao,119A,119,Different,Morev-et-al-1979,
119A-lnd,http://wals.info/languoid/lect/wals_code_lnd,119A,119,Different,Cloarec-Heiss-1986,
119A-shn,http://wals.info/languoid/lect/wals_code_shn,119A,119,Identical,Fortune-1955,
119A-sre,http://wals.info/languoid/lect/wals_code_sre,119A,119,Different,Manley-1972,
119A-tng,http://wals.info/languoid/lect/wals_code_tng,119A,119,Different,Churchward-1953,
119A-vai,http://wals.info/languoid/lect/wals_code_vai,119A,119,Different,Welmers-1976,
119A-gum,http://wals.info/languoid/lect/wals_code_gum,119A,119,Different,Eades-1979,
119A-lon,http://wals.info/languoid/lect/wals_code_lon,119A,119,Different,Hamel-1985,
119A-niu,http://wals.info/languoid/lect/wals_code_niu,119A,119,Different,Seiter-1980,
119A-sal,http://wals.info/languoid/lect/wals_code_sal,119A,119,Different,Mason-1918,
119A-cbo,http://wals.info/languoid/lect/wals_code_cbo,119A,119,Identical,Prost-1967,
119A-mnc,http://wals.info/languoid/lect/wals_code_mnc,119A,119,Different,Haenisch-1961,
119A-cso,http://wals.info/languoid/lect/wals_code_cso,119A,119,Different,Pride-1965,
119A-cmh,http://wals.info/languoid/lect/wals_code_cmh,119A,119,Different,Press-1975,
119A-kwk,http://wals.info/languoid/lect/wals_code_kwk,119A,119,Different,Boas-1947,
119A-mlt,http://wals.info/languoid/lect/wals_code_mlt,119A,119,Identical,,
119A-miz,http://wals.info/languoid/lect/wals_code_miz,119A,119,Different,Lorrain-and-Savidge-1898,
119A-bar,http://wals.info/languoid/lect/wals_code_bar,119A,119,Different,Spagnolo-1933,
119A-ben,http://wals.info/languoid/lect/wals_code_ben,119A,119,Identical,Ferguson-1972,
119A-but,http://wals.info/languoid/lect/wals_code_but,119A,119,Identical,Poppe-1960,
119A-chc,http://wals.info/languoid/lect/wals_code_chc,119A,119,Identical,Nichols-1994a,
119A-jeb,http://wals.info/languoid/lect/wals_code_jeb,119A,119,Different,Bendor-Samuel-1961b,
119A-mme,http://wals.info/languoid/lect/wals_code_mme,119A,119,Identical,Collinder-1957,
119A-skp,http://wals.info/languoid/lect/wals_code_skp,119A,119,Identical,Redei-1970,
119A-wsk,http://wals.info/languoid/lect/wals_code_wsk,119A,119,Different,Ross-and-Paol-1978,
119A-apl,http://wals.info/languoid/lect/wals_code_apl,119A,119,Identical,Koehn-and-Koehn-1986,
119A-kgu,http://wals.info/languoid/lect/wals_code_kgu,119A,119,Different,Blake-1969,
119A-nar,http://wals.info/languoid/lect/wals_code_nar,119A,119,Different,Reinisch-1874,
119A-tvo,http://wals.info/languoid/lect/wals_code_tvo,119A,119,Identical,Poppe-1963,
119A-zan,http://wals.info/languoid/lect/wals_code_zan,119A,119,Different,Tucker-1959,
119A-cct,http://wals.info/languoid/lect/wals_code_cct,119A,119,Different,Nicklas-1974,
119A-cop,http://wals.info/languoid/lect/wals_code_cop,119A,119,Different,Mallon-1956,
119A-dgb,http://wals.info/languoid/lect/wals_code_dgb,119A,119,Different,Fisch-1912,
119A-nuu,http://wals.info/languoid/lect/wals_code_nuu,119A,119,Different,Swadesh-1939,
119A-snh,http://wals.info/languoid/lect/wals_code_snh,119A,119,Different,Gair-1970,
119A-tas,http://wals.info/languoid/lect/wals_code_tas,119A,119,Different,Laoust-1921,
119A-tla,http://wals.info/languoid/lect/wals_code_tla,119A,119,Different,Mosel-1984,
119A-amr,http://wals.info/languoid/lect/wals_code_amr,119A,119,Identical,Abdel-Massih-1973,
119A-bto,http://wals.info/languoid/lect/wals_code_bto,119A,119,Different,Meerwaldt-1904,
119A-din,http://wals.info/languoid/lect/wals_code_din,119A,119,Different,Nebel-1948,
119A-evn,http://wals.info/languoid/lect/wals_code_evn,119A,119,Identical,Benzing-1955,
119A-goa,http://wals.info/languoid/lect/wals_code_goa,119A,119,Different,Jusayu-1975,
119A-snc,http://wals.info/languoid/lect/wals_code_snc,119A,119,Different,Chafe-1963,
119A-tah,http://wals.info/languoid/lect/wals_code_tah,119A,119,Different,Tryon-1970a,
119A-uhi,http://wals.info/languoid/lect/wals_code_uhi,119A,119,Different,Crowley-1983,
119A-che,http://wals.info/languoid/lect/wals_code_che,119A,119,Different,Lindsey-and-Scancarelli-1985,
119A-cze,http://wals.info/languoid/lect/wals_code_cze,119A,119,Identical,Lee-and-Lee-1986,
119A-hup,http://wals.info/languoid/lect/wals_code_hup,119A,119,Identical,Golla-1970,
119A-kab,http://wals.info/languoid/lect/wals_code_kab,119A,119,Different,Colarusso-1989,
119A-knk,http://wals.info/languoid/lect/wals_code_knk,119A,119,Different,Newman-1974,
119A-kwa,http://wals.info/languoid/lect/wals_code_kwa,119A,119,Different,Keesing-1985,
119A-tne,http://wals.info/languoid/lect/wals_code_tne,119A,119,Different,Sumner-1922,
119A-fni,http://wals.info/languoid/lect/wals_code_fni,119A,119,Different,McIntosh-1984,
119A-nas,http://wals.info/languoid/lect/wals_code_nas,119A,119,Different,Hurd-and-Hurd-1966,
119A-siu,http://wals.info/languoid/lect/wals_code_siu,119A,119,Different,Frachtenberg-1922b,
119A-sun,http://wals.info/languoid/lect/wals_code_sun,119A,119,Different,Hardjadibrata-1985,
119A-chr,http://wals.info/languoid/lect/wals_code_chr,119A,119,Different,Thomas-1971,
119A-est,http://wals.info/languoid/lect/wals_code_est,119A,119,Identical,Lehiste-1972,
119A-gae,http://wals.info/languoid/lect/wals_code_gae,119A,119,Different,Mackinnon-1977,
119A-guu,http://wals.info/languoid/lect/wals_code_guu,119A,119,Different,Haviland-1979,
119A-hop,http://wals.info/languoid/lect/wals_code_hop,119A,119,Different,Langacker-1977,
119A-mis,http://wals.info/languoid/lect/wals_code_mis,119A,119,Identical,CIDCA-1985,
119A-bab,http://wals.info/languoid/lect/wals_code_bab,119A,119,Identical,Schaub-1985,
119A-brr,http://wals.info/languoid/lect/wals_code_brr,119A,119,Different,Crowell-1979,
119A-len,http://wals.info/languoid/lect/wals_code_len,119A,119,Different,Lynch-1978,
119A-mam,http://wals.info/languoid/lect/wals_code_mam,119A,119,Different,England-1983,
119A-nca,http://wals.info/languoid/lect/wals_code_nca,119A,119,Different,Braine-1970,
119A-ygr,http://wals.info/languoid/lect/wals_code_ygr,119A,119,Identical,Renck-1975,
119A-ik,http://wals.info/languoid/lect/wals_code_ik,119A,119,Different,Tucker-and-Bryan-1966,
119A-sed,http://wals.info/languoid/lect/wals_code_sed,119A,119,Different,Smith-1975b,
119A-mlk,http://wals.info/languoid/lect/wals_code_mlk,119A,119,Different,Birk-1976,
119A-mns,http://wals.info/languoid/lect/wals_code_mns,119A,119,Identical,Kalman-1965,
119A-ngl,http://wals.info/languoid/lect/wals_code_ngl,119A,119,Identical,Merlan-1983,
119A-scr,http://wals.info/languoid/lect/wals_code_scr,119A,119,Identical,Hamm-1975,
119A-arc,http://wals.info/languoid/lect/wals_code_arc,119A,119,Identical,,
119A-ava,http://wals.info/languoid/lect/wals_code_ava,119A,119,Identical,Kalinina-1993,
119A-gbb,http://wals.info/languoid/lect/wals_code_gbb,119A,119,Different,Samarin-1966,
119A-ngz,http://wals.info/languoid/lect/wals_code_ngz,119A,119,Different,Schuh-1972,
119A-tna,http://wals.info/languoid/lect/wals_code_tna,119A,119,Different,Dimmendaal-1982,
119A-uzb,http://wals.info/languoid/lect/wals_code_uzb,119A,119,Identical,Sjoberg-1963,
119A-kty,http://wals.info/languoid/lect/wals_code_kty,119A,119,Identical,Collinder-1957,
119A-mym,http://wals.info/languoid/lect/wals_code_mym,119A,119,Different,Asher-1968,
119A-tel,http://wals.info/languoid/lect/wals_code_tel,119A,119,Identical,Bhaskararao-1972,
119A-ykt,http://wals.info/languoid/lect/wals_code_ykt,119A,119,Identical,Boehtlingk-1964,
119A-awt,http://wals.info/languoid/lect/wals_code_awt,119A,119,Different,Feldman-1986,
119A-nep,http://wals.info/languoid/lect/wals_code_nep,119A,119,Different,Clark-1966,
119A-tgr,http://wals.info/languoid/lect/wals_code_tgr,119A,119,Identical,Raz-1983,
119A-mok,http://wals.info/languoid/lect/wals_code_mok,119A,119,Different,Harrison-1976,
119A-ret,http://wals.info/languoid/lect/wals_code_ret,119A,119,Identical,Strom-1992,
119A-bre,http://wals.info/languoid/lect/wals_code_bre,119A,119,Identical,Press-1986,
119A-luo,http://wals.info/languoid/lect/wals_code_luo,119A,119,Different,Tucker-and-Bryan-1966,
119A-sam,http://wals.info/languoid/lect/wals_code_sam,119A,119,Different,Mosel-and-Hovdhaugen-1992,
119A-sel,http://wals.info/languoid/lect/wals_code_sel,119A,119,Different,Tonelli-1926,
119A-wap,http://wals.info/languoid/lect/wals_code_wap,119A,119,Different,,
119A-akn,http://wals.info/languoid/lect/wals_code_akn,119A,119,Different,Balmer-and-Grant-1929,
119A-bri,http://wals.info/languoid/lect/wals_code_bri,119A,119,Different,Pittier-de-Fabrega-1898,
119A-maa,http://wals.info/languoid/lect/wals_code_maa,119A,119,Different,Tucker-and-Mpaayei-1955,
119A-tsh,http://wals.info/languoid/lect/wals_code_tsh,119A,119,Different,Dayley-1989a,
119A-wel,http://wals.info/languoid/lect/wals_code_wel,119A,119,Different,Rhys-Jones-1985,
119A-iaa,http://wals.info/languoid/lect/wals_code_iaa,119A,119,Different,Tryon-1968,
119A-tgk,http://wals.info/languoid/lect/wals_code_tgk,119A,119,Different,Beaumont-1979,
119A-tzu,http://wals.info/languoid/lect/wals_code_tzu,119A,119,Different,Dayley-1981,
119A-amp,http://wals.info/languoid/lect/wals_code_amp,119A,119,Identical,Wilkins-1989,
119A-diy,http://wals.info/languoid/lect/wals_code_diy,119A,119,Identical,Austin-1981,
119A-ice,http://wals.info/languoid/lect/wals_code_ice,119A,119,Identical,Einarsson-1945,
119A-eka,http://wals.info/languoid/lect/wals_code_eka,119A,119,Identical,Drabbe-1952,
119A-mrg,http://wals.info/languoid/lect/wals_code_mrg,119A,119,Different,Hoffmann-1963,
119A-mac,http://wals.info/languoid/lect/wals_code_mac,119A,119,Identical,Abbott-1991,
119A-mrd,http://wals.info/languoid/lect/wals_code_mrd,119A,119,Identical,Drabbe-1955,
119A-swe,http://wals.info/languoid/lect/wals_code_swe,119A,119,Identical,Hammar-1958,
119A-wlf,http://wals.info/languoid/lect/wals_code_wlf,119A,119,Different,Rambaud-1903,
119A-ace,http://wals.info/languoid/lect/wals_code_ace,119A,119,Different,Durie-1985,
119A-dut,http://wals.info/languoid/lect/wals_code_dut,119A,119,Identical,,
119A-dyi,http://wals.info/languoid/lect/wals_code_dyi,119A,119,Different,Dixon-1972,
119A-lit,http://wals.info/languoid/lect/wals_code_lit,119A,119,Identical,Senn-1966,
119A-ood,http://wals.info/languoid/lect/wals_code_ood,119A,119,Different,Zepeda-1983,
119A-rom,http://wals.info/languoid/lect/wals_code_rom,119A,119,Identical,Mallinson-1986,
119A-tml,http://wals.info/languoid/lect/wals_code_tml,119A,119,Identical,Asher-1982,
119A-bul,http://wals.info/languoid/lect/wals_code_bul,119A,119,Identical,Scatton-1984,
119A-lah,http://wals.info/languoid/lect/wals_code_lah,119A,119,Different,Matisoff-1973,
119A-snt,http://wals.info/languoid/lect/wals_code_snt,119A,119,Different,Cowan-1965,
119A-som,http://wals.info/languoid/lect/wals_code_som,119A,119,Different,Bell-1953,
119A-pol,http://wals.info/languoid/lect/wals_code_pol,119A,119,Identical,Brooks-1975,
119A-lad,http://wals.info/languoid/lect/wals_code_lad,119A,119,Different,Koshal-1979,
119A-lep,http://wals.info/languoid/lect/wals_code_lep,119A,119,Different,Mainwaring-1876,
119A-tli,http://wals.info/languoid/lect/wals_code_tli,119A,119,Identical,Swanton-1911a,
119A-alb,http://wals.info/languoid/lect/wals_code_alb,119A,119,Identical,Camaj-1969,
119A-bam,http://wals.info/languoid/lect/wals_code_bam,119A,119,Different,Bird-and-Kante-1976,
119A-car,http://wals.info/languoid/lect/wals_code_car,119A,119,Identical,Hoff-1968,
119A-mku,http://wals.info/languoid/lect/wals_code_mku,119A,119,Different,Tryon-1970b,
119A-mrl,http://wals.info/languoid/lect/wals_code_mrl,119A,119,Different,Tucker-and-Bryan-1966,
119A-pit,http://wals.info/languoid/lect/wals_code_pit,119A,119,Different,Glass-and-Hackett-1970,
119A-amh,http://wals.info/languoid/lect/wals_code_amh,119A,119,Identical,Hartmann-1980,
119A-arm,http://wals.info/languoid/lect/wals_code_arm,119A,119,Identical,,
119A-usa,http://wals.info/languoid/lect/wals_code_usa,119A,119,Identical,Reesink-1984,
119A-pai,http://wals.info/languoid/lect/wals_code_pai,119A,119,Different,Egli-1990,
119A-ung,http://wals.info/languoid/lect/wals_code_ung,119A,119,Identical,Coate-and-Oates-1970,
119A-bej,http://wals.info/languoid/lect/wals_code_bej,119A,119,Identical,Reinisch-1893,
119A-gar,http://wals.info/languoid/lect/wals_code_gar,119A,119,Different,Burling-1961,
119A-pms,http://wals.info/languoid/lect/wals_code_pms,119A,119,Different,Crowley-1982,
119A-yur,http://wals.info/languoid/lect/wals_code_yur,119A,119,Different,Robins-1958,
119A-dag,http://wals.info/languoid/lect/wals_code_dag,119A,119,Identical,Murane-1974,
119A-otm,http://wals.info/languoid/lect/wals_code_otm,119A,119,Different,Hess-1968,
119A-igb,http://wals.info/languoid/lect/wals_code_igb,119A,119,Different,Welmers-1973,
119A-nez,http://wals.info/languoid/lect/wals_code_nez,119A,119,Identical,Aoki-1970,
119A-cah,http://wals.info/languoid/lect/wals_code_cah,119A,119,Different,Seiler-1977,
119A-knm,http://wals.info/languoid/lect/wals_code_knm,119A,119,Different,Thompson-1983,
119A-nav,http://wals.info/languoid/lect/wals_code_nav,119A,119,Different,Young-and-Morgan-1980,
119A-zqc,http://wals.info/languoid/lect/wals_code_zqc,119A,119,Different,Wonderly-1951b,
119A-iri,http://wals.info/languoid/lect/wals_code_iri,119A,119,Different,O-Siadhail-1989,
119A-nko,http://wals.info/languoid/lect/wals_code_nko,119A,119,Identical,Taylor-1985,
119A-squ,http://wals.info/languoid/lect/wals_code_squ,119A,119,Different,Kuipers-1967,
119A-nen,http://wals.info/languoid/lect/wals_code_nen,119A,119,Identical,Decsy-1968,
119A-urk,http://wals.info/languoid/lect/wals_code_urk,119A,119,Different,Kakumasu-1986,
119A-coo,http://wals.info/languoid/lect/wals_code_coo,119A,119,Different,Frachtenberg-1922a,
119A-cre,http://wals.info/languoid/lect/wals_code_cre,119A,119,Different,Wolfart-and-Carroll-1981,
119A-nht,http://wals.info/languoid/lect/wals_code_nht,119A,119,Identical,Tuggy-1979,
119A-yim,http://wals.info/languoid/lect/wals_code_yim,119A,119,Different,Foley-1991,
119A-mun,http://wals.info/languoid/lect/wals_code_mun,119A,119,Different,Hoffmann-1903,
119A-yid,http://wals.info/languoid/lect/wals_code_yid,119A,119,Identical,Dixon-1977a,
119A-krk,http://wals.info/languoid/lect/wals_code_krk,119A,119,Different,Bright-1957,
119A-brs,http://wals.info/languoid/lect/wals_code_brs,119A,119,Identical,Jones-and-Jones-1991,
119A-aco,http://wals.info/languoid/lect/wals_code_aco,119A,119,Different,Maring-1967,
119A-pau,http://wals.info/languoid/lect/wals_code_pau,119A,119,Different,Chapman-and-Derbyshire-1991,
119A-arp,http://wals.info/languoid/lect/wals_code_arp,119A,119,Different,Fortune-1940,
119A-ond,http://wals.info/languoid/lect/wals_code_ond,119A,119,Different,Lounsbury-1953,
119A-asm,http://wals.info/languoid/lect/wals_code_asm,119A,119,Identical,Drabbe-1963,
119A-ewe,http://wals.info/languoid/lect/wals_code_ewe,119A,119,Different,,
119A-grb,http://wals.info/languoid/lect/wals_code_grb,119A,119,Different,Innes-1967a,
119A-khs,http://wals.info/languoid/lect/wals_code_khs,119A,119,Different,Rabel-1961,
119A-khm,http://wals.info/languoid/lect/wals_code_khm,119A,119,Different,Jacob-1968,
119A-kio,http://wals.info/languoid/lect/wals_code_kio,119A,119,Different,Watkins-1980,
119A-wic,http://wals.info/languoid/lect/wals_code_wic,119A,119,Identical,Rood-1976,
119A-juh,http://wals.info/languoid/lect/wals_code_juh,119A,119,Identical,Snyman-1970,
119A-klv,http://wals.info/languoid/lect/wals_code_klv,119A,119,Different,Senft-1986,
119A-irq,http://wals.info/languoid/lect/wals_code_irq,119A,119,Different,Mous-1992,
119A-kew,http://wals.info/languoid/lect/wals_code_kew,119A,119,Different,Franklin-1971,
119A-snm,http://wals.info/languoid/lect/wals_code_snm,119A,119,Identical,Borgman-1990,
119A-shk,http://wals.info/languoid/lect/wals_code_shk,119A,119,Identical,Tessmann-1929,
119A-epe,http://wals.info/languoid/lect/wals_code_epe,119A,119,Different,Harms-1994,
119A-ket,http://wals.info/languoid/lect/wals_code_ket,119A,119,Different,Donner-1955,
119A-bag,http://wals.info/languoid/lect/wals_code_bag,119A,119,Different,Gaden-1909,
119A-hzb,http://wals.info/languoid/lect/wals_code_hzb,119A,119,Identical,van-den-Berg-1995,
119A-mau,http://wals.info/languoid/lect/wals_code_mau,119A,119,Different,Capell-and-Hinch-1970,
119A-qim,http://wals.info/languoid/lect/wals_code_qim,119A,119,Identical,Cole-1982,
119A-ram,http://wals.info/languoid/lect/wals_code_ram,119A,119,Identical,Grinevald-1990,
119A-wch,http://wals.info/languoid/lect/wals_code_wch,119A,119,Different,,
119A-yag,http://wals.info/languoid/lect/wals_code_yag,119A,119,Identical,Payne-1985,
119A-niv,http://wals.info/languoid/lect/wals_code_niv,119A,119,Different,Beffa-1982,
119A-bma,http://wals.info/languoid/lect/wals_code_bma,119A,119,Different,Willms-1972,
119A-imo,http://wals.info/languoid/lect/wals_code_imo,119A,119,Different,Seiler-1985,
119A-awp,http://wals.info/languoid/lect/wals_code_awp,119A,119,Identical,Obando-Ordonez-1992,
119A-kob,http://wals.info/languoid/lect/wals_code_kob,119A,119,Identical,Davies-1981b,
119A-lat,http://wals.info/languoid/lect/wals_code_lat,119A,119,Identical,Budina-Lazdina-1966,
119A-ala,http://wals.info/languoid/lect/wals_code_ala,119A,119,Different,Bruce-1984,
119A-ain,http://wals.info/languoid/lect/wals_code_ain,119A,119,Different,Refsing-1986,
119A-jak,http://wals.info/languoid/lect/wals_code_jak,119A,119,Different,Craig-1977,
119A-lkt,http://wals.info/languoid/lect/wals_code_lkt,119A,119,Different,Boas-and-Deloria-1941,
119A-gua,http://wals.info/languoid/lect/wals_code_gua,119A,119,Different,Gregores-and-Suarez-1967,
119A-kho,http://wals.info/languoid/lect/wals_code_kho,119A,119,Different,Hagman-1977,
119A-mei,http://wals.info/languoid/lect/wals_code_mei,119A,119,Different,Bhat-1991,
119A-ngi,http://wals.info/languoid/lect/wals_code_ngi,119A,119,Identical,Donaldson-1980,
119A-brm,http://wals.info/languoid/lect/wals_code_brm,119A,119,Different,Okell-1969,
119A-kro,http://wals.info/languoid/lect/wals_code_kro,119A,119,Different,Reh-1985,
119A-myi,http://wals.info/languoid/lect/wals_code_myi,119A,119,Identical,Merlan-1982,
119A-tiw,http://wals.info/languoid/lect/wals_code_tiw,119A,119,Different,Osborne-1974,
119A-knr,http://wals.info/languoid/lect/wals_code_knr,119A,119,Different,Lukas-1937,
119A-map,http://wals.info/languoid/lect/wals_code_map,119A,119,Different,Smeets-1989,
119A-yor,http://wals.info/languoid/lect/wals_code_yor,119A,119,Different,Ashiwaju-1968,
119A-yko,http://wals.info/languoid/lect/wals_code_yko,119A,119,Different,,
119A-tuk,http://wals.info/languoid/lect/wals_code_tuk,119A,119,Different,,
119A-bur,http://wals.info/languoid/lect/wals_code_bur,119A,119,Identical,Lorimer-1935,
119A-cha,http://wals.info/languoid/lect/wals_code_cha,119A,119,Different,Topping-1973,
119A-chk,http://wals.info/languoid/lect/wals_code_chk,119A,119,Different,,
119A-fij,http://wals.info/languoid/lect/wals_code_fij,119A,119,Different,Schutz-1985,
119A-heb,http://wals.info/languoid/lect/wals_code_heb,119A,119,Identical,,
119A-orh,http://wals.info/languoid/lect/wals_code_orh,119A,119,Identical,Owens-1985,
119A-tha,http://wals.info/languoid/lect/wals_code_tha,119A,119,Different,Noss-1964,
119A-yaq,http://wals.info/languoid/lect/wals_code_yaq,119A,119,Different,Lindenfeld-1973,
119A-zul,http://wals.info/languoid/lect/wals_code_zul,119A,119,Identical,Doke-1945,
119A-sla,http://wals.info/languoid/lect/wals_code_sla,119A,119,Different,Rice-1989,
119A-aeg,http://wals.info/languoid/lect/wals_code_aeg,119A,119,Identical,Gary-and-Gamal-Eldin-1982,
119A-grw,http://wals.info/languoid/lect/wals_code_grw,119A,119,Different,Fortescue-1984,
119A-hix,http://wals.info/languoid/lect/wals_code_hix,119A,119,Identical,Derbyshire-1979,
119A-swa,http://wals.info/languoid/lect/wals_code_swa,119A,119,Identical,Ashton-1944,
119A-vie,http://wals.info/languoid/lect/wals_code_vie,119A,119,Different,Van-Chinh-1970,
119A-hin,http://wals.info/languoid/lect/wals_code_hin,119A,119,Identical,McGregor-1977,
119A-ckr,http://wals.info/languoid/lect/wals_code_ckr,119A,119,Different,Popjes-and-Popjes-1986,
119A-tag,http://wals.info/languoid/lect/wals_code_tag,119A,119,Different,Schachter-and-Otanes-1972,
119A-geo,http://wals.info/languoid/lect/wals_code_geo,119A,119,Identical,Harris-1991a,
119A-knd,http://wals.info/languoid/lect/wals_code_knd,119A,119,Identical,Schiffman-1983,
119A-kha,http://wals.info/languoid/lect/wals_code_kha,119A,119,Identical,Poppe-1951,
119A-mal,http://wals.info/languoid/lect/wals_code_mal,119A,119,Different,Dez-1980a,
119A-sup,http://wals.info/languoid/lect/wals_code_sup,119A,119,Different,Carlson-1994,
119A-hau,http://wals.info/languoid/lect/wals_code_hau,119A,119,Different,Newman-and-Schuh-1974,
119A-mao,http://wals.info/languoid/lect/wals_code_mao,119A,119,Different,Bauer-1981,
119A-bsq,http://wals.info/languoid/lect/wals_code_bsq,119A,119,Different,Lafitte-1944,
119A-abk,http://wals.info/languoid/lect/wals_code_abk,119A,119,Different,Hewitt-1979,
119A-eve,http://wals.info/languoid/lect/wals_code_eve,119A,119,Identical,,
119A-kor,http://wals.info/languoid/lect/wals_code_kor,119A,119,Different,Lee-1989,
119A-prs,http://wals.info/languoid/lect/wals_code_prs,119A,119,Identical,Windfuhr-1987,
119A-ame,http://wals.info/languoid/lect/wals_code_ame,119A,119,Different,Roberts-1987,
119A-grk,http://wals.info/languoid/lect/wals_code_grk,119A,119,Identical,Joseph-and-Philippaki-Warburton-1987,
119A-lez,http://wals.info/languoid/lect/wals_code_lez,119A,119,Different,Haspelmath-1993,
119A-jpn,http://wals.info/languoid/lect/wals_code_jpn,119A,119,Different,Martin-1975,
119A-mnd,http://wals.info/languoid/lect/wals_code_mnd,119A,119,Different,Li-and-Thompson-1981,
119A-hun,http://wals.info/languoid/lect/wals_code_hun,119A,119,Identical,Ginter-and-Tarnoi-1991,
119A-ind,http://wals.info/languoid/lect/wals_code_ind,119A,119,Different,Steinhauer-2001,
119A-fin,http://wals.info/languoid/lect/wals_code_fin,119A,119,Identical,Fromm-and-Sadeniemi-1956,
119A-rus,http://wals.info/languoid/lect/wals_code_rus,119A,119,Identical,,
119A-spa,http://wals.info/languoid/lect/wals_code_spa,119A,119,Different,,
119A-tur,http://wals.info/languoid/lect/wals_code_tur,119A,119,Identical,Lewis-1967,
119A-fre,http://wals.info/languoid/lect/wals_code_fre,119A,119,Identical,,
119A-eng,http://wals.info/languoid/lect/wals_code_eng,119A,119,Identical,,
119A-pir,http://wals.info/languoid/lect/wals_code_pir,119A,119,Different,Matteson-1965,
